post|is_original|is_repost|is_job|is_cert|is_share|date|own_chars|own_preview
1|0|1|0|0|0|2mo •  2 months ago • Visible to anyone on or off LinkedIn|343|Thomas Hayford reposted this
2|1|0|0|0|1|3mo •  3 months ago • Visible to anyone on or off LinkedIn|19|Kukua Aggrey (PHRi)
3|1|0|0|1|1|4mo •  4 months ago • Visible to anyone on or off LinkedIn|2155|I recently completed the intensive 6-week Esri Spatial Data Science course and am excited to apply these skills to help businesses replace guesswork with data-driven insights.
4|0|1|0|0|0|4mo •  4 months ago • Visible to anyone on or off LinkedIn|2214|Thomas Hayford reposted this
5|0|1|1|0|1|4mo • Edited •  4 months ago • Edited • Visible to anyone on or off LinkedIn|2089|Thomas Hayford reposted this
6|1|0|0|1|1|5mo •  5 months ago • Visible to anyone on or off LinkedIn|123|I’m happy to share that I’ve obtained a new certification: ArcGIS Pro Basics from Esri!
7|1|0|0|0|1|5mo •  5 months ago • Visible to anyone on or off LinkedIn|430|Just finished the course “Foundations of Geographic Information Systems (GIS)”! hashtag#geographicinformationsystems
8|1|0|0|1|1|5mo •  5 months ago • Visible to anyone on or off LinkedIn|119|I’m happy to share that I’ve obtained a new certification: QGIS Free YouTube Certification from Modern GIS!
9|1|0|1|0|1|5mo •  5 months ago • Visible to anyone on or off LinkedIn|1139|Kavindu AbeyrathnaKavindu Abeyrathna
10|0|1|0|0|1|6mo • Edited •  6 months ago • Edited • Visible to anyone on or off LinkedIn|1447|Thomas Hayford reposted this
11|1|0|1|0|1|6mo •  6 months ago • Visible to anyone on or off LinkedIn|482|L'AINE HRL'AINE HR
12|1|0|1|0|1|6mo •  6 months ago • Visible to anyone on or off LinkedIn|1369|Aimee A. E AffulAimee A. E Afful
13|1|0|1|0|1|7mo •  7 months ago • Visible to anyone on or off LinkedIn|645|Emmanuella Dugbazah Sey, MBA, SPHRiEmmanuella Dugbazah Sey, MBA, SPHRi
14|1|0|0|0|1|7mo •  7 months ago • Visible to anyone on or off LinkedIn|390|Mary Michael - AMIHRMMary Michael - AMIHRM
15|1|0|0|0|1|7mo •  7 months ago • Visible to anyone on or off LinkedIn|384|Mary Michael - AMIHRMMary Michael - AMIHRM
16|1|0|0|0|1|7mo •  7 months ago • Visible to anyone on or off LinkedIn|102|David Tettey TettehDavid Tettey Tetteh
17|1|0|1|0|1|7mo •  7 months ago • Visible to anyone on or off LinkedIn|345|Emmanuella Dugbazah Sey, MBA, SPHRiEmmanuella Dugbazah Sey, MBA, SPHRi
18|1|0|1|0|1|7mo •  7 months ago • Visible to anyone on or off LinkedIn|307|Emmanuella Dugbazah Sey, MBA, SPHRiEmmanuella Dugbazah Sey, MBA, SPHRi
19|1|0|1|1|1|7mo •  7 months ago • Visible to anyone on or off LinkedIn|1720|Perci MensahPerci Mensah
20|1|0|1|0|1|7mo •  7 months ago • Visible to anyone on or off LinkedIn|589|Jennifer NoonooJennifer Noonoo
21|1|0|1|0|1|7mo •  7 months ago • Visible to anyone on or off LinkedIn|2223|Tordzi Vinyo BlaiseTordzi Vinyo Blaise
22|1|0|1|0|1|7mo •  7 months ago • Visible to anyone on or off LinkedIn|821|Vacancies in GhanaVacancies in Ghana
23|1|0|1|0|1|7mo •  7 months ago • Visible to anyone on or off LinkedIn|616|Prime Pharmacy GHPrime Pharmacy GH
24|1|0|1|0|1|7mo •  7 months ago • Visible to anyone on or off LinkedIn|582|Emmanuella Dugbazah Sey, MBA, SPHRiEmmanuella Dugbazah Sey, MBA, SPHRi
25|1|0|1|0|1|7mo •  7 months ago • Visible to anyone on or off LinkedIn|251|Pumptech Limited GhanaPumptech Limited Ghana
26|1|0|0|0|1|7mo •  7 months ago • Visible to anyone on or off LinkedIn|372|Mary Michael - AMIHRMMary Michael - AMIHRM
27|1|0|1|0|1|7mo •  7 months ago • Visible to anyone on or off LinkedIn|1211|Zakariah YankeyZakariah Yankey
28|1|0|0|0|1|7mo •  7 months ago • Visible to anyone on or off LinkedIn|2094|This is so interesting and yes truth be told, nobody dies if a property line is off by 10 cm, but you can design a medical device that goes inside someone’s body more easily than
29|1|0|1|0|1|7mo •  7 months ago • Visible to anyone on or off LinkedIn|246|Emmanuella Dugbazah Sey, MBA, SPHRiEmmanuella Dugbazah Sey, MBA, SPHRi
30|1|0|1|0|1|7mo •  7 months ago • Visible to anyone on or off LinkedIn|162|Natasha Baffour AsensoNatasha Baffour Asenso
31|1|0|1|0|1|7mo •  7 months ago • Visible to anyone on or off LinkedIn|448|Jobs AfriqueJobs Afrique
32|1|0|1|0|1|7mo •  7 months ago • Visible to anyone on or off LinkedIn|482|Alliance Française AccraAlliance Française Accra
33|1|0|1|0|1|7mo •  7 months ago • Visible to anyone on or off LinkedIn|1666|Franklin AsieduFranklin Asiedu
34|1|0|1|0|1|7mo •  7 months ago • Visible to anyone on or off LinkedIn|779|Francis OpokuFrancis Opoku
35|1|0|1|0|1|7mo •  7 months ago • Visible to anyone on or off LinkedIn|1591|ULTIMATE HR SERVICES LTDULTIMATE HR SERVICES LTD
36|1|0|1|0|1|7mo •  7 months ago • Visible to anyone on or off LinkedIn|849|Favour KalosFavour Kalos
37|1|0|1|0|1|7mo •  7 months ago • Visible to anyone on or off LinkedIn|1014|Acreaty GhanaAcreaty Ghana
38|1|0|1|0|1|7mo •  7 months ago • Visible to anyone on or off LinkedIn|1809|Franklin AsieduFranklin Asiedu
39|1|0|1|0|1|7mo •  7 months ago • Visible to anyone on or off LinkedIn|547|Samuel LampteySamuel Lamptey
40|1|0|1|0|1|7mo •  7 months ago • Visible to anyone on or off LinkedIn|343|Hariss International LTDHariss International LTD
41|1|0|1|0|1|7mo •  7 months ago • Visible to anyone on or off LinkedIn|199|Business & Financial TimesBusiness & Financial Times
42|1|0|0|0|1|7mo •  7 months ago • Visible to anyone on or off LinkedIn|641|Henos EnergyHenos Energy
43|1|0|1|0|1|7mo •  7 months ago • Visible to anyone on or off LinkedIn|911|Favour KalosFavour Kalos
44|1|0|1|0|1|7mo •  7 months ago • Visible to anyone on or off LinkedIn|817|Attuah-Odoi Jehoshaphat AsareAttuah-Odoi Jehoshaphat Asare
45|1|0|0|0|1|7mo •  7 months ago • Visible to anyone on or off LinkedIn|304|George Opoku AgyemangGeorge Opoku Agyemang
46|1|0|1|0|1|7mo •  7 months ago • Visible to anyone on or off LinkedIn|1346|Beauty Erica KofigahBeauty Erica Kofigah
47|0|1|1|0|1|7mo •  7 months ago • Visible to anyone on or off LinkedIn|1375|Thomas Hayford reposted this
48|1|0|1|0|1|7mo •  7 months ago • Visible to anyone on or off LinkedIn|440|Benedicta EsinamBenedicta Esinam
49|1|0|0|0|1|7mo •  7 months ago • Visible to anyone on or off LinkedIn|357|Mary Michael - AMIHRMMary Michael - AMIHRM
50|1|0|0|0|1|7mo •  7 months ago • Visible to anyone on or off LinkedIn|346|Mary Michael - AMIHRMMary Michael - AMIHRM
51|1|0|1|0|1|7mo •  7 months ago • Visible to anyone on or off LinkedIn|187|JAC Motors GhanaJAC Motors Ghana
52|1|0|1|0|1|7mo •  7 months ago • Visible to anyone on or off LinkedIn|220|Pert ServicesPert Services
53|1|0|1|0|1|7mo •  7 months ago • Visible to anyone on or off LinkedIn|349|Bless Painstil NyarkoBless Painstil Nyarko
54|1|0|1|0|1|7mo •  7 months ago • Visible to anyone on or off LinkedIn|716|SokoSoko
55|1|0|1|0|1|7mo •  7 months ago • Visible to anyone on or off LinkedIn|768|Ascentech Services LtdAscentech Services Ltd
56|1|0|1|0|1|7mo •  7 months ago • Visible to anyone on or off LinkedIn|417|SokoSoko
57|1|0|1|0|1|7mo •  7 months ago • Visible to anyone on or off LinkedIn|341|MGA HR SolutionsMGA HR Solutions
58|1|0|1|0|1|7mo •  7 months ago • Visible to anyone on or off LinkedIn|729|Careers In Ghana : Recruitment ConsultancyCareers In Ghana : Recruitment Consultancy
59|1|0|0|0|1|7mo •  7 months ago • Visible to anyone on or off LinkedIn|445|STRATEGIC JOBS AFRICASTRATEGIC JOBS AFRICA
60|1|0|1|0|1|7mo •  7 months ago • Visible to anyone on or off LinkedIn|899|FG&B Technology LtdFG&B Technology Ltd
61|1|0|0|0|1|7mo •  7 months ago • Visible to anyone on or off LinkedIn|73|Khandy AdadeKhandy Adade
62|1|0|1|0|1|7mo •  7 months ago • Visible to anyone on or off LinkedIn|419|Fully RemotesFully Remotes
63|1|0|1|0|1|7mo •  7 months ago • Visible to anyone on or off LinkedIn|454|Kwaku AmuzuKwaku Amuzu
64|1|0|1|0|1|7mo •  7 months ago • Visible to anyone on or off LinkedIn|615|Philomina MensahPhilomina Mensah
65|1|0|1|0|1|7mo •  7 months ago • Visible to anyone on or off LinkedIn|1056|Edward AsareEdward Asare
66|1|0|1|0|1|7mo •  7 months ago • Visible to anyone on or off LinkedIn|667|AJ GaskinAJ Gaskin
67|1|0|1|0|1|7mo •  7 months ago • Visible to anyone on or off LinkedIn|420|Vacancies in GhanaVacancies in Ghana
68|1|0|1|0|1|7mo •  7 months ago • Visible to anyone on or off LinkedIn|392|Dream Jobs AfricaDream Jobs Africa
69|1|0|1|0|1|7mo •  7 months ago • Visible to anyone on or off LinkedIn|1667|Marion Esi Nkrumah (BSc , MBA )Marion Esi Nkrumah (BSc , MBA )
70|1|0|0|0|1|7mo •  7 months ago • Visible to anyone on or off LinkedIn|890|well deserved!
71|1|0|1|0|1|7mo •  7 months ago • Visible to anyone on or off LinkedIn|267|M'CUBE PLUS LIMITEDM'CUBE PLUS LIMITED
72|1|0|1|0|1|7mo •  7 months ago • Visible to anyone on or off LinkedIn|319|Dream Jobs AfricaDream Jobs Africa
73|1|0|1|0|1|7mo •  7 months ago • Visible to anyone on or off LinkedIn|792|Alexander Ndede. MBA, SPHRi™, ACIHRM, M-SHRMAlexander Ndede. MBA, SPHRi™, ACIHRM, M-SHRM
74|0|1|0|0|1|7mo • Edited •  7 months ago • Edited • Visible to anyone on or off LinkedIn|659|Thomas Hayford reposted this
75|1|0|1|0|1|7mo •  7 months ago • Visible to anyone on or off LinkedIn|298|Cardinal Namdini Mining Ltd. (A Shandong Gold Company)Cardinal Namdini Mining Ltd. (A Shandong Gold Company)
76|1|0|1|0|1|7mo •  7 months ago • Visible to anyone on or off LinkedIn|305|Emmanuella Dugbazah Sey, MBA, SPHRiEmmanuella Dugbazah Sey, MBA, SPHRi
77|1|0|0|0|1|7mo •  7 months ago • Visible to anyone on or off LinkedIn|102|David Tettey TettehDavid Tettey Tetteh
78|1|0|0|0|1|7mo •  7 months ago • Visible to anyone on or off LinkedIn|1597|Benjamin OwusuBenjamin Owusu
79|1|0|0|0|1|7mo •  7 months ago • Visible to anyone on or off LinkedIn|88|Kukua Aggrey (PHRi)Kukua Aggrey (PHRi)
80|1|0|0|0|1|7mo •  7 months ago • Visible to anyone on or off LinkedIn|88|Kukua Aggrey (PHRi)Kukua Aggrey (PHRi)
81|0|1|0|0|1|7mo •  7 months ago • Visible to anyone on or off LinkedIn|421|Thomas Hayford reposted this
82|0|1|1|0|1|7mo •  7 months ago • Visible to anyone on or off LinkedIn|962|Thomas Hayford reposted this
83|1|0|1|0|1|7mo •  7 months ago • Visible to anyone on or off LinkedIn|933|Acreaty GhanaAcreaty Ghana
84|1|0|0|0|1|7mo •  7 months ago • Visible to anyone on or off LinkedIn|88|Kukua Aggrey (PHRi)Kukua Aggrey (PHRi)
85|1|0|1|0|1|7mo •  7 months ago • Visible to anyone on or off LinkedIn|935|Michael IkehMichael Ikeh
86|1|0|1|0|1|7mo •  7 months ago • Visible to anyone on or off LinkedIn|414|Dream Jobs AfricaDream Jobs Africa
87|0|1|1|0|1|8mo •  8 months ago • Visible to anyone on or off LinkedIn|747|Thomas Hayford reposted this
88|1|0|0|0|1|8mo •  8 months ago • Visible to anyone on or off LinkedIn|622|Nice one Tuff💪
89|0|1|0|0|1|8mo •  8 months ago • Visible to anyone on or off LinkedIn|680|Thomas Hayford reposted this
90|1|0|0|0|1|8mo •  8 months ago • Visible to anyone on or off LinkedIn|1330|Couldn't have said this better myself.
91|0|1|1|0|0|8mo •  8 months ago • Visible to anyone on or off LinkedIn|1032|Thomas Hayford reposted this
92|0|1|0|0|1|8mo •  8 months ago • Visible to anyone on or off LinkedIn|398|Thomas Hayford reposted this
93|1|0|1|0|1|8mo •  8 months ago • Visible to anyone on or off LinkedIn|944|Edward AmpofoEdward Ampofo
94|1|0|0|0|1|8mo •  8 months ago • Visible to anyone on or off LinkedIn|1665|Proud of you Yaa
95|1|0|0|0|1|8mo •  8 months ago • Visible to anyone on or off LinkedIn|4|text
96|1|0|0|0|1|9mo •  9 months ago • Visible to anyone on or off LinkedIn|102|David Tettey TettehDavid Tettey Tetteh
97|1|0|1|0|1|9mo •  9 months ago • Visible to anyone on or off LinkedIn|399|Dream Jobs AfricaDream Jobs Africa
98|1|0|1|0|1|9mo •  9 months ago • Visible to anyone on or off LinkedIn|503|PolyTanks (Gh) Ltd.PolyTanks (Gh) Ltd.
99|1|0|0|0|1|9mo •  9 months ago • Visible to anyone on or off LinkedIn|150|David Tettey TettehDavid Tettey Tetteh
100|1|0|1|0|1|9mo •  9 months ago • Visible to anyone on or off LinkedIn|326|Jessica Baaba IdunJessica Baaba Idun
101|1|0|0|1|1|9mo •  9 months ago • Visible to anyone on or off LinkedIn|156|I’m happy to share that I’ve obtained a new certification: Get Started with Android App Development from SkillUp EdTech!
102|1|0|0|1|1|9mo •  9 months ago • Visible to anyone on or off LinkedIn|150|I’m happy to share that I’ve obtained a new certification: Introduction to Software Engineering from IBM!
103|1|0|0|1|1|9mo •  9 months ago • Visible to anyone on or off LinkedIn|143|I’m happy to share that I’ve obtained a new certification: Introduction to Mobile App Development from IBM!
104|0|1|0|0|0|9mo •  9 months ago • Visible to anyone on or off LinkedIn|239|Thomas Hayford reposted this
105|1|0|0|1|1|9mo •  9 months ago • Visible to anyone on or off LinkedIn|78|Completion Certificate for Introduction to Mobile App Development
106|1|0|0|1|1|9mo •  9 months ago • Visible to anyone on or off LinkedIn|76|Completion Certificate for Introduction to Software Engineering
107|1|0|0|1|1|9mo •  9 months ago • Visible to anyone on or off LinkedIn|80|Completion Certificate for Get Started with Android App Development
108|1|0|1|0|1|9mo •  9 months ago • Visible to anyone on or off LinkedIn|173|Dream Jobs AfricaDream Jobs Africa
109|0|1|0|0|1|9mo •  9 months ago • Visible to anyone on or off LinkedIn|472|Thomas Hayford reposted this
110|1|0|1|0|1|9mo •  9 months ago • Visible to anyone on or off LinkedIn|139|Dream Jobs AfricaDream Jobs Africa
111|1|0|0|0|1|9mo •  9 months ago • Visible to anyone on or off LinkedIn|159|Sienna ServicesSienna Services
112|0|1|0|0|1|9mo •  9 months ago • Visible to anyone on or off LinkedIn|586|Thomas Hayford reposted this
113|1|0|1|0|1|9mo •  9 months ago • Visible to anyone on or off LinkedIn|911|Mary Franklin EshunMary Franklin Eshun
114|1|0|1|0|1|9mo •  9 months ago • Visible to anyone on or off LinkedIn|173|Dream Jobs AfricaDream Jobs Africa
115|1|0|1|0|1|9mo •  9 months ago • Visible to anyone on or off LinkedIn|408|Portia Effah-BoakyePortia Effah-Boakye
116|1|0|1|0|1|9mo •  9 months ago • Visible to anyone on or off LinkedIn|915|Dream Jobs AfricaDream Jobs Africa
117|1|0|1|0|1|9mo •  9 months ago • Visible to anyone on or off LinkedIn|205|Dream Jobs AfricaDream Jobs Africa
118|1|0|1|0|1|9mo •  9 months ago • Visible to anyone on or off LinkedIn|472|Dream Jobs AfricaDream Jobs Africa
119|1|0|1|0|1|9mo •  9 months ago • Visible to anyone on or off LinkedIn|454|Dream Jobs AfricaDream Jobs Africa
120|1|0|1|0|1|9mo •  9 months ago • Visible to anyone on or off LinkedIn|1848|Dream Jobs AfricaDream Jobs Africa
121|1|0|1|0|1|9mo •  9 months ago • Visible to anyone on or off LinkedIn|545|Dream Jobs AfricaDream Jobs Africa
122|1|0|1|0|1|9mo •  9 months ago • Visible to anyone on or off LinkedIn|218|Dream Jobs AfricaDream Jobs Africa
123|1|0|1|0|1|9mo •  9 months ago • Visible to anyone on or off LinkedIn|367|Dream Jobs AfricaDream Jobs Africa
124|1|0|1|0|1|9mo •  9 months ago • Visible to anyone on or off LinkedIn|423|Dream Jobs AfricaDream Jobs Africa
125|1|0|1|0|1|9mo •  9 months ago • Visible to anyone on or off LinkedIn|673|JD LINK OILJD LINK OIL
126|1|0|1|0|1|9mo •  9 months ago • Visible to anyone on or off LinkedIn|643|Dream Jobs AfricaDream Jobs Africa
127|1|0|1|0|1|9mo •  9 months ago • Visible to anyone on or off LinkedIn|384|Dream Jobs AfricaDream Jobs Africa
128|1|0|1|0|1|10mo •  10 months ago • Visible to anyone on or off LinkedIn|61|Kranoc Engineering LtdKranoc Engineering Ltd
129|1|0|1|0|1|10mo •  10 months ago • Visible to anyone on or off LinkedIn|358|Dream Jobs AfricaDream Jobs Africa
130|1|0|1|0|1|10mo •  10 months ago • Visible to anyone on or off LinkedIn|415|Dream Jobs AfricaDream Jobs Africa
131|1|0|1|0|1|10mo •  10 months ago • Visible to anyone on or off LinkedIn|865|Dream Jobs AfricaDream Jobs Africa
132|1|0|1|0|1|10mo •  10 months ago • Visible to anyone on or off LinkedIn|438|Samuel Osei-AkotoSamuel Osei-Akoto
133|1|0|1|0|1|10mo •  10 months ago • Visible to anyone on or off LinkedIn|97|Apply GhanaApply Ghana
134|1|0|1|0|1|10mo •  10 months ago • Visible to anyone on or off LinkedIn|371|Dream Jobs AfricaDream Jobs Africa
135|1|0|1|0|1|10mo •  10 months ago • Visible to anyone on or off LinkedIn|774|L'AINE HRL'AINE HR
136|1|0|1|0|1|10mo •  10 months ago • Visible to anyone on or off LinkedIn|598|Apply GhanaApply Ghana
137|1|0|1|0|1|10mo •  10 months ago • Visible to anyone on or off LinkedIn|169|Pert ServicesPert Services
138|1|0|1|0|1|10mo •  10 months ago • Visible to anyone on or off LinkedIn|235|Pert ServicesPert Services
139|1|0|1|0|1|10mo •  10 months ago • Visible to anyone on or off LinkedIn|768|Michael IkehMichael Ikeh
140|1|0|1|0|1|10mo •  10 months ago • Visible to anyone on or off LinkedIn|463|KPMG GhanaKPMG Ghana
141|1|0|1|0|1|10mo •  10 months ago • Visible to anyone on or off LinkedIn|592|Attuah-Odoi Jehoshaphat AsareAttuah-Odoi Jehoshaphat Asare
142|1|0|1|0|1|10mo •  10 months ago • Visible to anyone on or off LinkedIn|645|Kwaku AmuzuKwaku Amuzu
143|1|0|1|0|1|10mo •  10 months ago • Visible to anyone on or off LinkedIn|231|Jobly GhanaJobly Ghana
144|1|0|0|0|1|10mo •  10 months ago • Visible to anyone on or off LinkedIn|4|text
145|0|1|0|0|1|1yr • Edited •  1 year ago • Edited • Visible to anyone on or off LinkedIn|363|Thomas Hayford reposted this
146|0|1|1|0|1|1yr •  1 year ago • Visible to anyone on or off LinkedIn|649|Thomas Hayford reposted this
147|0|1|0|0|1|1yr •  1 year ago • Visible to anyone on or off LinkedIn|1028|Thomas Hayford reposted this
148|0|1|0|0|1|1yr •  1 year ago • Visible to anyone on or off LinkedIn|838|Thomas Hayford reposted this
149|1|0|1|0|1|1yr •  1 year ago • Visible to anyone on or off LinkedIn|1564|It's a big goal, but it might be a bit of a stretch.
150|0|1|1|0|1|1yr • Edited •  1 year ago • Edited • Visible to anyone on or off LinkedIn|1540|Thomas Hayford reposted this
151|0|1|0|0|0|1yr •  1 year ago • Visible to anyone on or off LinkedIn|273|Thomas Hayford reposted this
152|0|1|0|0|1|1yr •  1 year ago • Visible to anyone on or off LinkedIn|1645|Thomas Hayford reposted this
153|0|1|0|0|1|1yr •  1 year ago • Visible to anyone on or off LinkedIn|291|Thomas Hayford reposted this
154|1|0|1|0|1|2yr •  2 years ago • Visible to anyone on or off LinkedIn|644|Isaac Korankye PGD, MBA, BAIsaac Korankye PGD, MBA, BA
155|1|0|1|0|1|2yr •  2 years ago • Visible to anyone on or off LinkedIn|310|meqasa.com (Meqasa Ltd)meqasa.com (Meqasa Ltd)
156|1|0|1|0|1|2yr •  2 years ago • Visible to anyone on or off LinkedIn|173|Jobly GhanaJobly Ghana
157|1|0|1|0|1|2yr •  2 years ago • Visible to anyone on or off LinkedIn|1374|Patience AdjeiPatience Adjei
158|1|0|1|0|1|2yr •  2 years ago • Visible to anyone on or off LinkedIn|1185|Patience AdjeiPatience Adjei
159|1|0|1|0|1|2yr •  2 years ago • Visible to anyone on or off LinkedIn|215|Vacancies in GhanaVacancies in Ghana
160|1|0|0|0|1|2yr •  2 years ago • Visible to anyone on or off LinkedIn|513|EDWARD BORDOHEDWARD BORDOH
161|1|0|1|0|1|2yr •  2 years ago • Visible to anyone on or off LinkedIn|415|Eva W. ArthurEva W. Arthur
162|0|1|1|0|0|2yr •  2 years ago • Visible to anyone on or off LinkedIn|385|Thomas Hayford reposted this
163|1|0|1|0|1|2yr •  2 years ago • Visible to anyone on or off LinkedIn|472|Patience AdjeiPatience Adjei
164|0|1|0|0|0|2yr •  2 years ago • Visible to anyone on or off LinkedIn|202|Thomas Hayford reposted this
165|1|0|0|0|1|2yr •  2 years ago • Visible to anyone on or off LinkedIn|269|Vacancies in GhanaVacancies in Ghana
166|1|0|1|0|1|2yr •  2 years ago • Visible to anyone on or off LinkedIn|205|Dream Jobs AfricaDream Jobs Africa
167|1|0|1|0|1|2yr •  2 years ago • Visible to anyone on or off LinkedIn|72|Jobly GhanaJobly Ghana
168|1|0|1|0|1|2yr •  2 years ago • Visible to anyone on or off LinkedIn|197|Jobly GhanaJobly Ghana
169|0|1|1|0|1|2yr •  2 years ago • Visible to anyone on or off LinkedIn|526|Thomas Hayford reposted this
170|1|0|1|0|1|2yr •  2 years ago • Visible to anyone on or off LinkedIn|419|HubtelHubtel
171|1|0|0|0|1|2yr •  2 years ago • Visible to anyone on or off LinkedIn|1095|L'AINE HRL'AINE HR
172|0|1|1|0|1|2yr •  2 years ago • Visible to anyone on or off LinkedIn|2274|Thomas Hayford reposted this
173|1|0|1|0|1|2yr •  2 years ago • Visible to anyone on or off LinkedIn|417|AT GhanaAT Ghana
174|0|1|1|0|0|2yr •  2 years ago • Visible to anyone on or off LinkedIn|181|Thomas Hayford reposted this
175|1|0|0|0|1|2yr •  2 years ago • Visible to anyone on or off LinkedIn|227|Franklin A. NkrumahFranklin A. Nkrumah
176|1|0|0|0|1|2yr •  2 years ago • Visible to anyone on or off LinkedIn|174|P. K. AnsahP. K. Ansah
177|1|0|0|0|1|2yr •  2 years ago • Visible to anyone on or off LinkedIn|1355|RemoteliRemoteli
178|1|0|1|0|1|2yr •  2 years ago • Visible to anyone on or off LinkedIn|328|Emmanuel Ato CobbahEmmanuel Ato Cobbah
179|0|1|1|0|0|2yr •  2 years ago • Visible to anyone on or off LinkedIn|177|Thomas Hayford reposted this
180|0|1|1|0|0|2yr •  2 years ago • Visible to anyone on or off LinkedIn|134|Thomas Hayford reposted this
181|0|1|1|0|0|2yr •  2 years ago • Visible to anyone on or off LinkedIn|163|Thomas Hayford reposted this
182|0|1|1|0|0|2yr •  2 years ago • Visible to anyone on or off LinkedIn|147|Thomas Hayford reposted this
183|0|1|1|0|0|2yr •  2 years ago • Visible to anyone on or off LinkedIn|311|Thomas Hayford reposted this
184|1|0|0|0|1|2yr •  2 years ago • Visible to anyone on or off LinkedIn|90|JAYJOBS CONNECTJAYJOBS CONNECT
185|0|1|0|0|0|2yr •  2 years ago • Visible to anyone on or off LinkedIn|118|Thomas Hayford reposted this
186|0|1|0|0|0|2yr •  2 years ago • Visible to anyone on or off LinkedIn|256|Thomas Hayford reposted this
187|0|1|1|0|0|2yr •  2 years ago • Visible to anyone on or off LinkedIn|254|Thomas Hayford reposted this
188|0|1|1|0|0|2yr •  2 years ago • Visible to anyone on or off LinkedIn|1226|Thomas Hayford reposted this
189|0|1|0|0|0|2yr •  2 years ago • Visible to anyone on or off LinkedIn|909|Thomas Hayford reposted this
190|0|1|1|0|1|2yr •  2 years ago • Visible to anyone on or off LinkedIn|445|Thomas Hayford reposted this
191|1|0|0|0|1|2yr •  2 years ago • Visible to anyone on or off LinkedIn|2252|Franklin A. NkrumahFranklin A. Nkrumah
192|0|1|1|0|1|2yr •  2 years ago • Visible to anyone on or off LinkedIn|1926|Thomas Hayford reposted this
193|0|1|1|0|0|2yr •  2 years ago • Visible to anyone on or off LinkedIn|203|Thomas Hayford reposted this
194|1|0|0|0|1|2yr •  2 years ago • Visible to anyone on or off LinkedIn|227|Franklin A. NkrumahFranklin A. Nkrumah
195|1|0|1|0|1|2yr •  2 years ago • Visible to anyone on or off LinkedIn|77|Jobly GhanaJobly Ghana
196|1|0|0|0|1|2yr •  2 years ago • Visible to anyone on or off LinkedIn|1144|Genevieve Puni Assoc.CIPDGenevieve Puni Assoc.CIPD
197|1|0|1|0|1|2yr •  2 years ago • Visible to anyone on or off LinkedIn|187|Dream Jobs AfricaDream Jobs Africa
198|0|0|0|0|0|2yr •  2 years ago • Only visible to members of Africa Trading Platform / African Import Export Trade Kenya Nigeria South Africa Ghana Egypt|2763|Africa Trading Platform / African Import Export Trade Kenya Nigeria South Africa Ghana EgyptAfrica Trading Platform / African Import Export Trade Kenya Nigeria South Africa Ghana E
199|1|0|0|0|1|2yr •  2 years ago • Visible to anyone on or off LinkedIn|2388|Join the Tabi Airdrop and Unlock Exciting Rewards on the NFT Marketplace!
200|1|0|1|0|1|2yr •  2 years ago • Visible to anyone on or off LinkedIn|188|The Capital Group LtdThe Capital Group Ltd
201|0|1|0|0|0|2yr •  2 years ago • Visible to anyone on or off LinkedIn|218|Thomas Hayford reposted this
202|1|0|1|0|1|2yr •  2 years ago • Visible to anyone on or off LinkedIn|375|Dream Jobs AfricaDream Jobs Africa
203|1|0|1|0|1|2yr •  2 years ago • Visible to anyone on or off LinkedIn|362|GIZ GhanaGIZ Ghana
204|1|0|1|0|1|2yr •  2 years ago • Visible to anyone on or off LinkedIn|144|Sales officer( Tema)
205|1|0|0|0|1|2yr •  2 years ago • Visible to anyone on or off LinkedIn|220|U.S. Africa Trade CommissionU.S. Africa Trade Commission
206|1|0|1|0|1|2yr •  2 years ago • Visible to anyone on or off LinkedIn|132|Jobsinghana.comJobsinghana.com
207|1|0|1|0|1|2yr •  2 years ago • Visible to anyone on or off LinkedIn|154|Jobsinghana.comJobsinghana.com
208|1|0|1|0|1|2yr •  2 years ago • Visible to anyone on or off LinkedIn|1008|Jobberman GhanaJobberman Ghana
209|1|0|1|0|1|2yr •  2 years ago • Visible to anyone on or off LinkedIn|2720|Michael IkehMichael Ikeh
210|1|0|1|0|1|2yr •  2 years ago • Visible to anyone on or off LinkedIn|134|Planning Manager
211|0|1|1|0|0|2yr •  2 years ago • Visible to anyone on or off LinkedIn|340|Thomas Hayford reposted this
212|0|1|1|0|0|2yr •  2 years ago • Visible to anyone on or off LinkedIn|142|Thomas Hayford reposted this
213|1|0|1|0|1|2yr •  2 years ago • Visible to anyone on or off LinkedIn|1688|JAYJOBS CONNECTJAYJOBS CONNECT
214|1|0|0|0|1|2yr •  2 years ago • Visible to anyone on or off LinkedIn|1302|Delali Bright T. Tamatey [SPHRi™, LL.B, MBA, BSC, HND]Delali Bright T. Tamatey [SPHRi™, LL.B, MBA, BSC, HND]
215|1|0|1|0|1|2yr •  2 years ago • Visible to anyone on or off LinkedIn|615|Dream Jobs AfricaDream Jobs Africa
216|0|1|1|1|0|2yr •  2 years ago • Visible to anyone on or off LinkedIn|3068|Thomas Hayford reposted this
217|1|0|1|0|1|2yr •  2 years ago • Visible to anyone on or off LinkedIn|431|JAYJOBS CONNECTJAYJOBS CONNECT
218|1|0|1|0|1|2yr •  2 years ago • Visible to anyone on or off LinkedIn|174|Strategic & AgileStrategic & Agile
219|1|0|1|1|1|2yr •  2 years ago • Visible to anyone on or off LinkedIn|3217|Emmanuel Ato CobbahEmmanuel Ato Cobbah
220|0|1|1|0|1|2yr •  2 years ago • Visible to anyone on or off LinkedIn|1130|Thomas Hayford reposted this
221|0|1|0|0|1|2yr • Edited •  2 years ago • Edited • Visible to anyone on or off LinkedIn|764|Thomas Hayford reposted this
222|1|0|0|0|1|2yr •  2 years ago • Visible to anyone on or off LinkedIn|1127|Dzigbordi Kwaku-DosooDzigbordi Kwaku-Dosoo
223|1|0|1|0|1|2yr •  2 years ago • Visible to anyone on or off LinkedIn|221|Jobly GhanaJobly Ghana
224|1|0|0|0|1|2yr •  2 years ago • Visible to anyone on or off LinkedIn|380|I'm attending CLEVER Lead Generation System to 2-10X your business in 3 months. Would you like to attend?
225|0|0|1|0|0|2yr •  2 years ago • Only visible to members of INVESTORS IN GHANA|3171|INVESTORS IN GHANAINVESTORS IN GHANA
226|1|0|1|0|1|2yr •  2 years ago • Visible to anyone on or off LinkedIn|3018|**Embracing Innovation: Crypto and the Future of HR Practices**
227|0|0|0|0|0|2yr •  2 years ago • Visible to anyone on or off LinkedIn|981|Mental Health Change Agents-Advocates-Motivational Speakers-CliniciansMental Health Change Agents-Advocates-Motivational Speakers-Clinicians
228|1|0|0|0|1|2yr •  2 years ago • Visible to anyone on or off LinkedIn|795|🌞 Keep your face always toward the sunshine, and shadows will fall behind you. 🌻
229|1|0|1|0|1|2yr •  2 years ago • Visible to anyone on or off LinkedIn|169|I’m hashtag#hiring. Know anyone who might be interested?
230|0|0|1|0|0|2yr •  2 years ago • Only visible to members of Africa Trading Platform / African Import Export Trade Kenya Nigeria South Africa Ghana Egypt|2380|Africa Trading Platform / African Import Export Trade Kenya Nigeria South Africa Ghana EgyptAfrica Trading Platform / African Import Export Trade Kenya Nigeria South Africa Ghana E
231|1|0|1|0|1|2yr •  2 years ago • Visible to anyone on or off LinkedIn|2005|In a world where resumes are the keys to unlocking coveted job opportunities, a peculiar irony emerges. Picture this: individuals, with no trace of real employment experience, bold
232|0|0|1|0|0|2yr •  2 years ago • Visible to anyone on or off LinkedIn|2185|Mental Health Change Agents-Advocates-Motivational Speakers-CliniciansMental Health Change Agents-Advocates-Motivational Speakers-Clinicians
233|1|0|1|0|1|2yr •  2 years ago • Visible to anyone on or off LinkedIn|1999|ATS, or Applicant Tracking Systems, are widely used in the recruitment process by many companies. However, these automated systems have some limitations that can affect how candida
234|0|0|1|0|1|2yr •  2 years ago • Visible to anyone on or off LinkedIn|2094|Mental Health Change Agents-Advocates-Motivational Speakers-CliniciansMental Health Change Agents-Advocates-Motivational Speakers-Clinicians
235|1|0|1|0|1|2yr •  2 years ago • Visible to anyone on or off LinkedIn|1908|Couldnt have said this better myself. Well explained 👏
236|0|1|0|0|0|2yr •  2 years ago • Visible to anyone on or off LinkedIn|544|Thomas Hayford reposted this
237|0|1|0|0|0|2yr •  2 years ago • Visible to anyone on or off LinkedIn|2680|Thomas Hayford reposted this
238|1|0|1|0|1|2yr •  2 years ago • Visible to anyone on or off LinkedIn|1727|Indeed! Action speaks louder than words. This is actually funny. 😂
239|0|0|0|0|0|2yr •  2 years ago • Visible to anyone on or off LinkedIn|2745|The Elite TrainerThe Elite Trainer
240|1|0|0|0|1|2yr •  2 years ago • Visible to anyone on or off LinkedIn|2665|Phil Coulson: Fury always said a man can accomplish anything when he realizes he's a part of something bigger. A team of people who share that conviction can change the world.
241|1|0|0|0|1|2yr •  2 years ago • Visible to anyone on or off LinkedIn|443|Failure is not the end, but rather a stepping stone on the path to greatness.
242|0|0|0|0|0|2yr •  2 years ago • Only visible to members of Personal Development , Wellness, Mental Health, Self-Help and Self-Improvement network|1718|Personal Development , Wellness, Mental Health, Self-Help and Self-Improvement networkPersonal Development , Wellness, Mental Health, Self-Help and Self-Improvement network
243|1|0|0|0|1|2yr •  2 years ago • Visible to anyone on or off LinkedIn|3005|In our increasingly diverse world, individuals who identify as agnostic with a cultural affiliation to religion have emerged, bringing forth discussions about spirituality, cultura
244|0|0|0|0|0|2yr •  2 years ago • Visible to anyone on or off LinkedIn|1547|Mental Health Change Agents-Advocates-Motivational Speakers-CliniciansMental Health Change Agents-Advocates-Motivational Speakers-Clinicians
245|1|0|0|0|1|2yr •  2 years ago • Visible to anyone on or off LinkedIn|1361|"Sometimes you have to go up really high to understand how small you are"
246|1|0|0|0|1|3yr •  3 years ago • Visible to anyone on or off LinkedIn|159|Please take advantage.
247|0|0|1|0|0|3yr •  3 years ago • Only visible to members of INVESTORS IN GHANA|473|INVESTORS IN GHANAINVESTORS IN GHANA
248|1|0|0|0|1|3yr •  3 years ago • Visible to anyone on or off LinkedIn|177|Hi everyone - I am looking for a new role and would appreciate your support. Thank you in advance for any connections, advice, or opportunities you can offer. hashtag#OpenToWork
249|1|0|1|0|1|3yr •  3 years ago • Visible to anyone on or off LinkedIn|320|Hi everyone - I am looking for a new role and would appreciate your support. Thank you in advance for any connections, advice, or opportunities you can offer. hashtag#OpenToWork ha
250|1|0|0|1|1|5yr •  5 years ago • Visible to anyone on or off LinkedIn|5280|Robert Owusu Ansah, MBARobert Owusu Ansah, MBA
